p-j-101,果汁,奇異果汁,70.0,kiwi.png,紐西蘭特選，酸甜的口味，令人忍不住再喝一口
p-j-102,果汁,椰子汁,80.0,coconut.png,清爽的椰子風味，帶有淡淡的甜味和椰子香氣
p-j-103,果汁,水蜜桃汁,90.0,peach.png,香甜多汁的新鮮水蜜桃，果香濃郁
p-j-104,果汁,葡萄汁,100.0,grapes.png,精選葡萄製成，甜美可口且富含維生素
p-j-105,果汁,草莓汁,100.0,strawberry.png,鮮甜草莓風味，酸甜適中，風味絕佳
p-j-106,果汁,芒果汁,100.0,mango.png,熱帶風情，香甜濃郁的芒果滋味
p-j-107,果汁,櫻桃汁,120.0,cherry.png,精選鮮櫻桃，口感豐富，酸甜適中
p-j-108,果汁,香蕉汁,75.0,banana.png,香甜濃郁的香蕉風味，營養豐富
p-j-109,果汁,橘子汁,65.0,orange.png,新鮮橘子壓榨，酸甜口感，富含維他命C
p-j-110,果汁,西瓜汁,60.0,watermelon.png,夏日消暑聖品，清涼多汁的西瓜風味
p-t-112,茶飲,紅茶,45.0,blacktea.png,優質茶葉製成，香氣濃郁，回甘持久
p-t-113,茶飲,綠茶,45.0,greentea.png,清香爽口，帶有淡淡的青草香氣
p-t-114,茶飲,珍珠奶茶,50.0,perlmilktea.png,香濃奶茶搭配QQ珍珠，經典台灣風味
p-t-115,咖啡,拿鐵咖啡,80.0,latte.png,香濃咖啡與細緻奶泡完美融合，口感絲滑
p-t-116,咖啡,卡布奇諾,70.0,cappuccino.png,濃縮咖啡與綿密奶泡的經典義式風味
p-t-117,咖啡,濃縮咖啡,100.0,espresso.png,純粹的咖啡精華，濃縮出咖啡最佳風味
p-t-118,咖啡,美式咖啡,80.0,N1.png,美式咖啡特有的香醇，適合搭配冰塊